lincs_position,gene_id,gene_symbol,ensembl_id
1,16,AARS,ENSG00000090861
2,23,ABCF1,ENSG00000204574
3,25,ABL1,ENSG00000097007
4,30,ACAA1,ENSG00000060971
5,39,ACAT2,ENSG00000120437
6,47,ACLY,ENSG00000131473
7,102,ADAM10,ENSG00000137845
8,128,ADH5,ENSG00000197894
9,142,PARP1,ENSG00000143799
10,154,ADRB2,ENSG00000169252
11,178,AGL,ENSG00000162688
12,207,AKT1,ENSG00000142208
13,211,ALAS1,ENSG00000023330
14,226,ALDOA,ENSG00000149925
15,230,ALDOC,ENSG00000109107
16,291,SLC25A4,ENSG00000151729
17,310,ANXA7,ENSG00000138279
18,323,APBB2,ENSG00000163697
19,329,BIRC2,ENSG00000110330
20,332,BIRC5,ENSG00000089685
21,348,APOE,ENSG00000130203
22,351,APP,ENSG00000142192
23,355,FAS,ENSG00000026103
24,387,RHOA,ENSG00000067560
25,392,ARHGAP1,ENSG00000175220
26,427,ASAH1,ENSG00000104763
27,466,ATF1,ENSG00000123268
28,481,ATP1B1,ENSG00000143153
29,501,ALDH7A1,ENSG00000164904
30,533,ATP6V0B,ENSG00000117410
31,572,BAD,ENSG00000002330
32,581,BAX,ENSG00000087088
33,595,CCND1,ENSG00000110092
34,596,BCL2,ENSG00000171791
35,622,BDH1,ENSG00000161267
36,637,BID,ENSG00000015475
37,642,BLMH,ENSG00000108578
38,644,BLVRA,ENSG00000106605
39,652,BMP4,ENSG00000125378
40,664,BNIP3,ENSG00000176171
41,665,BNIP3L,ENSG00000104765
42,670,BPHL,ENSG00000137274
43,672,BRCA1,ENSG00000012048
44,695,BTK,ENSG00000010671
45,701,BUB1B,ENSG00000156970
46,727,C5,ENSG00000106804
47,780,DDR1,ENSG00000204580
48,808,CALM3,ENSG00000160014
49,813,CALU,ENSG00000128595
50,823,CAPN1,ENSG00000014216
51,831,CAST,ENSG00000153113
52,835,CASP2,ENSG00000106144
53,836,CASP3,ENSG00000164305
54,840,CASP7,ENSG00000165806
55,843,CASP10,ENSG00000003400
56,847,CAT,ENSG00000121691
57,868,CBLB,ENSG00000114423
58,873,CBR1,ENSG00000159228
59,874,CBR3,ENSG00000159231
60,890,CCNA2,ENSG00000145386
61,891,CCNB1,ENSG00000134057
62,896,CCND3,ENSG00000112576
63,899,CCNF,ENSG00000162063
64,902,CCNH,ENSG00000134480
65,949,SCARB1,ENSG00000073060
66,958,CD40,ENSG00000101017
67,960,CD44,ENSG00000026508
68,965,CD58,ENSG00000116815
69,976,ADGRE5,ENSG00000123146
70,983,CDK1,ENSG00000170312
71,991,CDC20,ENSG00000117399
72,993,CDC25A,ENSG00000164045
73,994,CDC25B,ENSG00000101224
74,998,CDC42,ENSG00000070831
75,1001,CDH3,ENSG00000062038
76,1017,CDK2,ENSG00000123374
77,1019,CDK4,ENSG00000135446
78,1021,CDK6,ENSG00000105810
79,1022,CDK7,ENSG00000134058
80,1026,CDKN1A,ENSG00000124762
81,1027,CDKN1B,ENSG00000111276
82,1029,CDKN2A,ENSG00000147889
83,1050,CEBPA,ENSG00000245848
84,1052,CEBPD,ENSG00000221869
85,1062,CENPE,ENSG00000138778
86,1070,CETN3,ENSG00000153140
87,1111,CHEK1,ENSG00000149554
88,1123,CHN1,ENSG00000128656
89,1153,CIRBP,ENSG00000099622
90,1212,CLTB,ENSG00000175416
91,1213,CLTC,ENSG00000141367
92,1277,COL1A1,ENSG00000108821
93,1282,COL4A1,ENSG00000187498
94,1385,CREB1,ENSG00000118260
95,1398,CRK,ENSG00000167193
96,1399,CRKL,ENSG00000099942
97,1429,CRYZ,ENSG00000116791
98,1445,CSK,ENSG00000103653
99,1452,CSNK1A1,ENSG00000113712
100,1454,CSNK1E,ENSG00000213923
101,1459,CSNK2A2,ENSG00000070770
102,1465,CSRP1,ENSG00000159176
103,1500,CTNND1,ENSG00000198561
104,1509,CTSD,ENSG00000117984
105,1514,CTSL,ENSG00000135047
106,1534,CYB561,ENSG00000008283
107,1605,DAG1,ENSG00000173402
108,1616,DAXX,ENSG00000204209
109,1633,DCK,ENSG00000156136
110,1635,DCTD,ENSG00000129187
111,1643,DDB2,ENSG00000134574
112,1647,GADD45A,ENSG00000116717
113,1662,DDX10,ENSG00000178105
114,1666,DECR1,ENSG00000104325
115,1676,DFFA,ENSG00000160049
116,1677,DFFB,ENSG00000169598
117,1738,DLD,ENSG00000091140
118,1759,DNM1,ENSG00000106976
119,1786,DNMT1,ENSG00000130816
120,1788,DNMT3A,ENSG00000119772
121,1802,DPH2,ENSG00000132768
122,1829,DSG2,ENSG00000046604
123,1831,TSC22D3,ENSG00000157514
124,1845,DUSP3,ENSG00000108861
125,1846,DUSP4,ENSG00000120875
126,1848,DUSP6,ENSG00000139318
127,1861,TOR1A,ENSG00000136827
128,1870,E2F2,ENSG00000007968
129,1891,ECH1,ENSG00000104823
130,1906,EDN1,ENSG00000078401
131,1950,EGF,ENSG00000138798
132,1956,EGFR,ENSG00000146648
133,1958,EGR1,ENSG00000120738
134,1978,EIF4EBP1,ENSG00000187840
135,1981,EIF4G1,ENSG00000114867
136,1983,EIF5,ENSG00000100664
137,1994,ELAVL1,ENSG00000066044
138,2017,CTTN,ENSG00000085733
139,2037,EPB41L2,ENSG00000079819
140,2042,EPHA3,ENSG00000044524
141,2048,EPHB2,ENSG00000133216
142,2058,EPRS,ENSG00000136628
143,2063,NR2F6,ENSG00000160113
144,2064,ERBB2,ENSG00000141736
145,2065,ERBB3,ENSG00000065361
146,2109,ETFB,ENSG00000105379
147,2113,ETS1,ENSG00000134954
148,2115,ETV1,ENSG00000006468
149,2131,EXT1,ENSG00000182197
150,2146,EZH2,ENSG00000106462
151,2184,FAH,ENSG00000103876
152,2185,PTK2B,ENSG00000120899
153,2195,FAT1,ENSG00000083857
154,2222,FDFT1,ENSG00000079459
155,2263,FGFR2,ENSG00000066468
156,2264,FGFR4,ENSG00000160867
157,2274,FHL2,ENSG00000115641
158,2288,FKBP4,ENSG00000004478
159,2309,FOXO3,ENSG00000118689
160,2353,FOS,ENSG00000170345
161,2356,FPGS,ENSG00000136877
162,2523,FUT1,ENSG00000174951
163,2534,FYN,ENSG00000010810
164,2542,SLC37A4,ENSG00000137700
165,2548,GAA,ENSG00000171298
166,2553,GABPB1,ENSG00000104064
167,2582,GALE,ENSG00000117308
168,2597,GAPDH,ENSG00000111640
169,2624,GATA2,ENSG00000179348
170,2625,GATA3,ENSG00000107485
171,2673,GFPT1,ENSG00000198380
172,2690,GHR,ENSG00000112964
173,2736,GLI2,ENSG00000074047
174,2745,GLRX,ENSG00000173221
175,2767,GNA11,ENSG00000088256
176,2769,GNA15,ENSG00000060558
177,2770,GNAI1,ENSG00000127955
178,2771,GNAI2,ENSG00000114353
179,2778,GNAS,ENSG00000087460
180,2810,SFN,ENSG00000175793
181,2817,GPC1,ENSG00000063660
182,2852,GPER1,ENSG00000164850
183,2886,GRB7,ENSG00000141738
184,2887,GRB10,ENSG00000106070
185,2896,GRN,ENSG00000030582
186,2908,NR3C1,ENSG00000113580
187,2920,CXCL2,ENSG00000081041
188,2946,GSTM2,ENSG00000213366
189,2954,GSTZ1,ENSG00000100577
190,2956,MSH6,ENSG00000116062
191,2958,GTF2A2,ENSG00000140307
192,2961,GTF2E2,ENSG00000197265
193,3028,HSD17B10,ENSG00000072506
194,3033,HADH,ENSG00000138796
195,3066,HDAC2,ENSG00000196591
196,3091,HIF1A,ENSG00000100644
197,3098,HK1,ENSG00000156515
198,3108,HLA-DMA,ENSG00000204257
199,3122,HLA-DRA,ENSG00000204287
200,3156,HMGCR,ENSG00000113161
201,3157,HMGCS1,ENSG00000112972
202,3162,HMOX1,ENSG00000100292
203,3202,HOXA5,ENSG00000106004
204,3206,HOXA10,ENSG00000253293
205,3251,HPRT1,ENSG00000165704
206,3280,HES1,ENSG00000114315
207,3300,DNAJB2,ENSG00000135924
208,3303,HSPA1A,ENSG00000204389
209,3308,HSPA4,ENSG00000170606
210,3312,HSPA8,ENSG00000109971
211,3315,HSPB1,ENSG00000106211
212,3329,HSPD1,ENSG00000144381
213,3337,DNAJB1,ENSG00000132002
214,3383,ICAM1,ENSG00000090339
215,3385,ICAM3,ENSG00000076662
216,3398,ID2,ENSG00000115738
217,3416,IDE,ENSG00000119912
218,3454,IFNAR1,ENSG00000142166
219,3480,IGF1R,ENSG00000140443
220,3482,IGF2R,ENSG00000197081
221,3486,IGFBP3,ENSG00000146674
222,3508,IGHMBP2,ENSG00000132740
223,3551,IKBKB,ENSG00000104365
224,3553,IL1B,ENSG00000125538
225,3566,IL4R,ENSG00000077238
226,3597,IL13RA1,ENSG00000131724
227,3611,ILK,ENSG00000166333
228,3628,INPP1,ENSG00000151689
229,3638,INSIG1,ENSG00000186480
230,3682,ITGAE,ENSG00000083457
231,3693,ITGB5,ENSG00000082781
232,3725,JUN,ENSG00000177606
233,3775,KCNK1,ENSG00000135750
234,3800,KIF5C,ENSG00000168280
235,3815,KIT,ENSG00000157404
236,3895,KTN1,ENSG00000126777
237,3909,LAMA3,ENSG00000053747
238,3925,STMN1,ENSG00000117632
239,3930,LBR,ENSG00000143815
240,3964,LGALS8,ENSG00000116977
241,3978,LIG1,ENSG00000105486
242,3988,LIPA,ENSG00000107798
243,4016,LOXL1,ENSG00000129038
244,4043,LRPAP1,ENSG00000163956
245,4067,LYN,ENSG00000254087
246,4088,SMAD3,ENSG00000166949
247,4125,MAN2B1,ENSG00000104774
248,4144,MAT2A,ENSG00000168906
249,4154,MBNL1,ENSG00000152601
250,4172,MCM3,ENSG00000112118
251,4200,ME2,ENSG00000082212
252,4208,MEF2C,ENSG00000081189
253,4216,MAP3K4,ENSG00000085511
254,4232,MEST,ENSG00000106484
255,4282,MIF,ENSG00000240972
256,4303,FOXO4,ENSG00000184481
257,4312,MMP1,ENSG00000196611
258,4313,MMP2,ENSG00000087245
259,4331,MNAT1,ENSG00000020426
260,4482,MSRA,ENSG00000175806
261,4582,MUC1,ENSG00000185499
262,4605,MYBL2,ENSG00000101057
263,4609,MYC,ENSG00000136997
264,4616,GADD45B,ENSG00000099860
265,4638,MYLK,ENSG00000065534
266,4651,MYO10,ENSG00000145555
267,4690,NCK1,ENSG00000158092
268,4775,NFATC3,ENSG00000072736
269,4776,NFATC4,ENSG00000100968
270,4780,NFE2L2,ENSG00000116044
271,4783,NFIL3,ENSG00000165030
272,4791,NFKB2,ENSG00000077150
273,4792,NFKBIA,ENSG00000100906
274,4793,NFKBIB,ENSG00000104825
275,4794,NFKBIE,ENSG00000146232
276,4817,NIT1,ENSG00000158793
277,4836,NMT1,ENSG00000136448
278,4846,NOS3,ENSG00000164867
279,4850,CNOT4,ENSG00000080802
280,4851,NOTCH1,ENSG00000148400
281,4860,PNP,ENSG00000198805
282,4864,NPC1,ENSG00000141458
283,4891,SLC11A2,ENSG00000110911
284,4893,NRAS,ENSG00000213281
285,4925,NUCB2,ENSG00000070081
286,4927,NUP88,ENSG00000108559
287,4931,NVL,ENSG00000143748
288,4998,ORC1,ENSG00000085840
289,5018,OXA1L,ENSG00000155463
290,5019,OXCT1,ENSG00000083720
291,5048,PAFAH1B1,ENSG00000007168
292,5050,PAFAH1B3,ENSG00000079462
293,5054,SERPINE1,ENSG00000106366
294,5058,PAK1,ENSG00000149269
295,5092,PCBD1,ENSG00000166228
296,5096,PCCB,ENSG00000114054
297,5106,PCK2,ENSG00000100889
298,5108,PCM1,ENSG00000078674
299,5110,PCMT1,ENSG00000120265
300,5111,PCNA,ENSG00000132646
301,5154,PDGFA,ENSG00000197461
302,5211,PFKL,ENSG00000141959
303,5223,PGAM1,ENSG00000171314
304,5236,PGM1,ENSG00000079739
305,5255,PHKA1,ENSG00000067177
306,5257,PHKB,ENSG00000102893
307,5261,PHKG2,ENSG00000156873
308,5287,PIK3C2B,ENSG00000133056
309,5289,PIK3C3,ENSG00000078142
310,5290,PIK3CA,ENSG00000121879
311,5300,PIN1,ENSG00000127445
312,5321,PLA2G4A,ENSG00000116711
313,5331,PLCB3,ENSG00000149782
314,5347,PLK1,ENSG00000166851
315,5355,PLP2,ENSG00000102007
316,5357,PLS1,ENSG00000120756
317,5359,PLSCR1,ENSG00000188313
318,5366,PMAIP1,ENSG00000141682
319,5373,PMM2,ENSG00000140650
320,5423,POLB,ENSG00000070501
321,5427,POLE2,ENSG00000100479
322,5438,POLR2I,ENSG00000105258
323,5440,POLR2K,ENSG00000147669
324,5467,PPARD,ENSG00000112033
325,5468,PPARG,ENSG00000132170
326,5480,PPIC,ENSG00000168938
327,5498,PPOX,ENSG00000143224
328,5525,PPP2R5A,ENSG00000066027
329,5529,PPP2R5E,ENSG00000154001
330,5547,PRCP,ENSG00000137509
331,5566,PRKACA,ENSG00000072062
332,5580,PRKCD,ENSG00000163932
333,5583,PRKCH,ENSG00000027075
334,5588,PRKCQ,ENSG00000065675
335,5601,MAPK9,ENSG00000050748
336,5603,MAPK13,ENSG00000156711
337,5607,MAP2K5,ENSG00000137764
338,5613,PRKX,ENSG00000183943
339,5627,PROS1,ENSG00000184500
340,5641,LGMN,ENSG00000100600
341,5654,HTRA1,ENSG00000166033
342,5696,PSMB8,ENSG00000204264
343,5699,PSMB10,ENSG00000205220
344,5708,PSMD2,ENSG00000175166
345,5710,PSMD4,ENSG00000159352
346,5715,PSMD9,ENSG00000110801
347,5716,PSMD10,ENSG00000101843
348,5720,PSME1,ENSG00000092010
349,5721,PSME2,ENSG00000100911
350,5743,PTGS2,ENSG00000073756
351,5747,PTK2,ENSG00000169398
352,5770,PTPN1,ENSG00000196396
353,5777,PTPN6,ENSG00000111679
354,5782,PTPN12,ENSG00000127947
355,5788,PTPRC,ENSG00000081237
356,5792,PTPRF,ENSG00000142949
357,5796,PTPRK,ENSG00000152894
358,5827,PXMP2,ENSG00000176894
359,5829,PXN,ENSG00000089159
360,5831,PYCR1,ENSG00000183010
361,5836,PYGL,ENSG00000100504
362,5867,RAB4A,ENSG00000168118
363,5873,RAB27A,ENSG00000069974
364,5880,RAC2,ENSG00000128340
365,5883,RAD9A,ENSG00000172613
366,5889,RAD51C,ENSG00000108384
367,5891,MOK,ENSG00000080823
368,5898,RALA,ENSG00000006451
369,5899,RALB,ENSG00000144118
370,5900,RALGDS,ENSG00000160271
371,5909,RAP1GAP,ENSG00000076864
372,5921,RASA1,ENSG00000145715
373,5925,RB1,ENSG00000139687
374,5927,KDM5A,ENSG00000073614
375,5971,RELB,ENSG00000104856
376,5982,RFC2,ENSG00000049541
377,5985,RFC5,ENSG00000111445
378,5986,RFNG,ENSG00000169733
379,5993,RFX5,ENSG00000143390
380,5997,RGS2,ENSG00000116741
381,6009,RHEB,ENSG00000106615
382,6050,RNH1,ENSG00000023191
383,6117,RPA1,ENSG00000132383
384,6118,RPA2,ENSG00000117748
385,6119,RPA3,ENSG00000106399
386,6182,MRPL12,ENSG00000262814
387,6184,RPN1,ENSG00000163902
388,6193,RPS5,ENSG00000083845
389,6194,RPS6,ENSG00000137154
390,6195,RPS6KA1,ENSG00000117676
391,6251,RSU1,ENSG00000148484
392,6253,RTN2,ENSG00000125744
393,6275,S100A4,ENSG00000196154
394,6284,S100A13,ENSG00000189171
395,6304,SATB1,ENSG00000182568
396,6342,SCP2,ENSG00000116171
397,6347,CCL2,ENSG00000108691
398,6390,SDHB,ENSG00000117118
399,6443,SGCB,ENSG00000163069
400,6461,SHB,ENSG00000107338
401,6464,SHC1,ENSG00000160691
402,6499,SKIV2L,ENSG00000204351
403,6500,SKP1,ENSG00000113558
404,6509,SLC1A4,ENSG00000115902
405,6597,SMARCA4,ENSG00000127616
406,6599,SMARCC1,ENSG00000173473
407,6603,SMARCD2,ENSG00000108604
408,6616,SNAP25,ENSG00000132639
409,6622,SNCA,ENSG00000145335
410,6657,SOX2,ENSG00000181449
411,6659,SOX4,ENSG00000124766
412,6676,SPAG4,ENSG00000061656
413,6696,SPP1,ENSG00000118785
414,6697,SPR,ENSG00000116096
415,6709,SPTAN1,ENSG00000197694
416,6714,SRC,ENSG00000197122
417,6772,STAT1,ENSG00000115415
418,6774,STAT3,ENSG00000168610
419,6777,STAT5B,ENSG00000173757
420,6790,AURKA,ENSG00000087586
421,6793,STK10,ENSG00000072786
422,6804,STX1A,ENSG00000106089
423,6810,STX4,ENSG00000103496
424,6812,STXBP1,ENSG00000136854
425,6813,STXBP2,ENSG00000076944
426,6832,SUPV3L1,ENSG00000156502
427,6839,SUV39H1,ENSG00000101945
428,6850,SYK,ENSG00000165025
429,6856,SYPL1,ENSG00000008282
430,6894,TARBP1,ENSG00000059588
431,6908,TBP,ENSG00000112592
432,6909,TBX2,ENSG00000121068
433,6915,TBXA2R,ENSG00000006638
434,6919,TCEA2,ENSG00000171703
435,6944,VPS72,ENSG00000163159
436,6988,TCTA,ENSG00000145022
437,6990,DYNLT3,ENSG00000165169
438,7015,TERT,ENSG00000164362
439,7016,TESK1,ENSG00000107140
440,7020,TFAP2A,ENSG00000137203
441,7027,TFDP1,ENSG00000198176
442,7043,TGFB3,ENSG00000119699
443,7048,TGFBR2,ENSG00000163513
444,7074,TIAM1,ENSG00000156299
445,7077,TIMP2,ENSG00000035862
446,7082,TJP1,ENSG00000104067
447,7088,TLE1,ENSG00000196781
448,7099,TLR4,ENSG00000136869
449,7105,TSPAN6,ENSG00000000003
450,7106,TSPAN4,ENSG00000214063
451,7153,TOP2A,ENSG00000131747
452,7157,TP53,ENSG00000141510
453,7158,TP53BP1,ENSG00000067369
454,7159,TP53BP2,ENSG00000143514
455,7165,TPD52L2,ENSG00000101150
456,7168,TPM1,ENSG00000140416
457,7264,TSTA3,ENSG00000104522
458,7296,TXNRD1,ENSG00000198431
459,7319,UBE2A,ENSG00000077721
460,7358,UGDH,ENSG00000109814
461,7376,NR1H2,ENSG00000131408
462,7398,USP1,ENSG00000162607
463,7416,VDAC1,ENSG00000213585
464,7466,WFS1,ENSG00000109501
465,7485,WRB,ENSG00000182093
466,7494,XBP1,ENSG00000100219
467,7511,XPNPEP1,ENSG00000108039
468,7538,ZFP36,ENSG00000128016
469,7690,ZNF131,ENSG00000172262
470,7750,ZMYM2,ENSG00000121741
471,7849,PAX8,ENSG00000125618
472,7852,CXCR4,ENSG00000121966
473,7866,IFRD2,ENSG00000214706
474,7867,MAPKAPK3,ENSG00000114738
475,7874,USP7,ENSG00000187555
476,7905,REEP5,ENSG00000129625
477,7982,ST7,ENSG00000004866
478,7994,KAT6A,ENSG00000083168
479,8050,PDHX,ENSG00000110435
480,8061,FOSL1,ENSG00000175592
481,8091,HMGA2,ENSG00000149948
482,8202,NCOA3,ENSG00000124151
483,8204,NRIP1,ENSG00000180530
484,8243,SMC1A,ENSG00000072501
485,8270,LAGE3,ENSG00000196976
486,8312,AXIN1,ENSG00000103126
487,8318,CDC45,ENSG00000093009
488,8321,FZD1,ENSG00000157240
489,8324,FZD7,ENSG00000155760
490,8349,HIST2H2BE,ENSG00000184678
491,8396,PIP4K2B,ENSG00000276293
492,8440,NCK2,ENSG00000071051
493,8444,DYRK3,ENSG00000143479
494,8446,DUSP11,ENSG00000144048
495,8480,RAE1,ENSG00000101146
496,8503,PIK3R3,ENSG00000117461
497,8508,NIPSNAP1,ENSG00000184117
498,8518,ELP1,ENSG00000070061
499,8520,HAT1,ENSG00000128708
500,8550,MAPKAPK5,ENSG00000089022
501,8553,BHLHE40,ENSG00000134107
502,8569,MKNK1,ENSG00000079277
503,8573,CASK,ENSG00000147044
504,8574,AKR7A2,ENSG00000053371
505,8607,RUVBL1,ENSG00000175792
506,8624,PSMG1,ENSG00000183527
507,8678,BECN1,ENSG00000126581
508,8720,MBTPS1,ENSG00000140943
509,8726,EED,ENSG00000074266
510,8727,CTNNAL1,ENSG00000119326
511,8731,RNMT,ENSG00000101654
512,8800,PEX11A,ENSG00000166821
513,8804,CREG1,ENSG00000143162
514,8821,INPP4B,ENSG00000109452
515,8826,IQGAP1,ENSG00000140575
516,8835,SOCS2,ENSG00000120833
517,8837,CFLAR,ENSG00000003402
518,8851,CDK5R1,ENSG00000176749
519,8869,ST3GAL5,ENSG00000115525
520,8870,IER3,ENSG00000137331
521,8878,SQSTM1,ENSG00000161011
522,8884,SLC5A6,ENSG00000138074
523,8895,CPNE3,ENSG00000085719
524,8900,CCNA1,ENSG00000133101
525,8914,TIMELESS,ENSG00000111602
526,8974,P4HA2,ENSG00000072682
527,8985,PLOD3,ENSG00000106397
528,8996,NOL3,ENSG00000140939
529,9016,SLC25A14,ENSG00000102078
530,9019,MPZL1,ENSG00000197965
531,9053,MAP7,ENSG00000135525
532,9093,DNAJA3,ENSG00000103423
533,9097,USP14,ENSG00000101557
534,9112,MTA1,ENSG00000182979
535,9124,PDLIM1,ENSG00000107438
536,9126,SMC3,ENSG00000108055
537,9128,PRPF4,ENSG00000136875
538,9133,CCNB2,ENSG00000157456
539,9134,CCNE2,ENSG00000175305
540,9143,SYNGR3,ENSG00000127561
541,9170,LPAR2,ENSG00000064547
542,9181,ARHGEF2,ENSG00000116584
543,9183,ZW10,ENSG00000086827
544,9212,AURKB,ENSG00000178999
545,9217,VAPB,ENSG00000124164
546,9221,NOLC1,ENSG00000166197
547,9246,UBE2L6,ENSG00000156587
548,9261,MAPKAPK2,ENSG00000162889
549,9267,CYTH1,ENSG00000108669
550,9270,ITGB1BP1,ENSG00000119185
551,9275,BCL7B,ENSG00000106635
552,9276,COPB2,ENSG00000184432
553,9289,ADGRG1,ENSG00000205336
554,9375,TM9SF2,ENSG00000125304
555,9448,MAP4K4,ENSG00000071054
556,9455,HOMER2,ENSG00000103942
557,9467,SH3BP5,ENSG00000131370
558,9488,PIGB,ENSG00000069943
559,9491,PSMF1,ENSG00000125818
560,9517,SPTLC2,ENSG00000100596
561,9519,TBPL1,ENSG00000028839
562,9531,BAG3,ENSG00000151929
563,9533,POLR1C,ENSG00000171453
564,9552,SPAG7,ENSG00000091640
565,9637,FEZ2,ENSG00000171055
566,9641,IKBKE,ENSG00000263528
567,9650,MTFR1,ENSG00000066855
568,9653,HS2ST1,ENSG00000153936
569,9670,IPO13,ENSG00000117408
570,9686,VGLL4,ENSG00000144560
571,9688,NUP93,ENSG00000102900
572,9690,UBE3C,ENSG00000009335
573,9695,EDEM1,ENSG00000134109
574,9697,TRAM2,ENSG00000065308
575,9702,CEP57,ENSG00000166037
576,9703,KIAA0100,ENSG00000007202
577,9709,HERPUD1,ENSG00000051108
578,9710,KIAA0355,ENSG00000166398
579,9712,USP6NL,ENSG00000148429
580,9738,CCP110,ENSG00000103540
581,9761,MLEC,ENSG00000110917
582,9797,TATDN2,ENSG00000157014
583,9801,MRPL19,ENSG00000115364
584,9805,SCRN1,ENSG00000136193
585,9813,EFCAB14,ENSG00000159658
586,9817,KEAP1,ENSG00000079999
587,9833,MELK,ENSG00000165304
588,9842,PLEKHM1,ENSG00000225190
589,9847,C2CD5,ENSG00000111731
590,9851,KIAA0753,ENSG00000198920
591,9854,C2CD2L,ENSG00000172375
592,9868,TOMM70,ENSG00000154174
593,9897,WASHC5,ENSG00000164961
594,9903,KLHL21,ENSG00000162413
595,9915,ARNT2,ENSG00000172379
596,9917,FAM20B,ENSG00000116199
597,9918,NCAPD2,ENSG00000010292
598,9924,PAN2,ENSG00000135473
599,9926,LPGAT1,ENSG00000123684
600,9928,KIF14,ENSG00000118193
601,9943,OXSR1,ENSG00000172939
602,9961,MVP,ENSG00000013364
603,9988,DMTF1,ENSG00000135164
604,10007,GNPDA1,ENSG00000113552
605,10013,HDAC6,ENSG00000094631
606,10038,PARP2,ENSG00000129484
607,10046,MAMLD1,ENSG00000013619
608,10049,DNAJB6,ENSG00000105993
609,10051,SMC4,ENSG00000113810
610,10057,ABCC5,ENSG00000114770
611,10058,ABCB6,ENSG00000115657
612,10059,DNM1L,ENSG00000087470
613,10099,TSPAN3,ENSG00000140391
614,10112,KIF20A,ENSG00000112984
615,10123,ARL4C,ENSG00000188042
616,10131,TRAP1,ENSG00000126602
617,10146,G3BP1,ENSG00000145907
618,10150,MBNL2,ENSG00000139793
619,10153,CEBPZ,ENSG00000115816
620,10165,SLC25A13,ENSG00000004864
621,10174,SORBS3,ENSG00000120896
622,10180,RBM6,ENSG00000004534
623,10190,TXNDC9,ENSG00000115514
624,10206,TRIM13,ENSG00000204977
625,10221,TRIB1,ENSG00000173334
626,10227,MFSD10,ENSG00000109736
627,10237,SLC35B1,ENSG00000121073
628,10245,TIMM17B,ENSG00000126768
629,10270,AKAP8,ENSG00000105127
630,10273,STUB1,ENSG00000103266
631,10276,NET1,ENSG00000173848
632,10285,SMNDC1,ENSG00000119953
633,10298,PAK4,ENSG00000130669
634,10318,TNIP1,ENSG00000145901
635,10320,IKZF1,ENSG00000185811
636,10329,RXYLT1,ENSG00000118600
637,10362,HMG20B,ENSG00000064961
638,10398,MYL9,ENSG00000101335
639,10434,LYPLA1,ENSG00000120992
640,10450,PPIE,ENSG00000084072
641,10451,VAV3,ENSG00000134215
642,10489,LRRC41,ENSG00000132128
643,10491,CRTAP,ENSG00000170275
644,10493,VAT1,ENSG00000108828
645,10494,STK25,ENSG00000115694
646,10513,APPBP2,ENSG00000062725
647,10523,CHERP,ENSG00000085872
648,10525,HYOU1,ENSG00000149428
649,10557,RPP38,ENSG00000152464
650,10559,SLC35A1,ENSG00000164414
651,10589,DRAP1,ENSG00000175550
652,10606,PAICS,ENSG00000128050
653,10610,ST6GALNAC2,ENSG00000070731
654,10617,STAMBP,ENSG00000124356
655,10641,NPRL2,ENSG00000114388
656,10644,IGF2BP2,ENSG00000073792
657,10652,YKT6,ENSG00000106636
658,10668,CGRRF1,ENSG00000100532
659,10670,RRAGA,ENSG00000155876
660,10681,GNB5,ENSG00000069966
661,10682,EBP,ENSG00000147155
662,10695,CNPY3,ENSG00000137161
663,10730,YME1L1,ENSG00000136758
664,10732,TCFL5,ENSG00000101190
665,10765,KDM5B,ENSG00000117139
666,10775,POP4,ENSG00000105171
667,10776,ARPP19,ENSG00000128989
668,10782,ZNF274,ENSG00000171606
669,10797,MTHFD2,ENSG00000065911
670,10810,WASF3,ENSG00000132970
671,10813,UTP14A,ENSG00000156697
672,10818,FRS2,ENSG00000166225
673,10845,CLPX,ENSG00000166855
674,10857,PGRMC1,ENSG00000101856
675,10892,MALT1,ENSG00000172175
676,10898,CPSF4,ENSG00000160917
677,10904,BLCAP,ENSG00000166619
678,10915,TCERG1,ENSG00000113649
679,10921,RNPS1,ENSG00000205937
680,10953,TOMM34,ENSG00000025772
681,10954,PDIA5,ENSG00000065485
682,10962,MLLT11,ENSG00000213190
683,10969,EBNA1BP2,ENSG00000117395
684,10972,TMED10,ENSG00000170348
685,10973,ASCC3,ENSG00000112249
686,11000,SLC27A3,ENSG00000143554
687,11004,KIF2C,ENSG00000142945
688,11007,CCDC85B,ENSG00000175602
689,11011,TLK2,ENSG00000146872
690,11014,KDELR2,ENSG00000136240
691,11031,RAB31,ENSG00000168461
692,11041,B4GAT1,ENSG00000174684
693,11044,TENT4A,ENSG00000112941
694,11065,UBE2C,ENSG00000175063
695,11072,DUSP14,ENSG00000276023
696,11073,TOPBP1,ENSG00000163781
697,11098,PRSS23,ENSG00000150687
698,11137,PWP1,ENSG00000136045
699,11142,PKIG,ENSG00000168734
700,11151,CORO1A,ENSG00000102879
701,11157,LSM6,ENSG00000164167
702,11168,PSIP1,ENSG00000164985
703,11182,SLC2A6,ENSG00000160326
704,11188,NISCH,ENSG00000010322
705,11200,CHEK2,ENSG00000183765
706,11230,PRAF2,ENSG00000243279
707,11232,POLG2,ENSG00000256525
708,11261,CHP1,ENSG00000187446
709,11284,PNKP,ENSG00000039650
710,11319,ECD,ENSG00000122882
711,11325,DDX42,ENSG00000198231
712,11344,TWF2,ENSG00000247596
713,22794,CASC3,ENSG00000108349
714,22796,COG2,ENSG00000135775
715,22809,ATF5,ENSG00000169136
716,22823,MTF2,ENSG00000143033
717,22827,PUF60,ENSG00000179950
718,22841,RAB11FIP2,ENSG00000107560
719,22883,CLSTN1,ENSG00000171603
720,22887,FOXJ3,ENSG00000198815
721,22889,KHDC4,ENSG00000132680
722,22905,EPN2,ENSG00000072134
723,22908,SACM1L,ENSG00000211456
724,22926,ATF6,ENSG00000118217
725,22934,RPIA,ENSG00000153574
726,23011,RAB21,ENSG00000080371
727,23013,SPEN,ENSG00000065526
728,23014,FBXO21,ENSG00000135108
729,23029,RBM34,ENSG00000188739
730,23038,WDTC1,ENSG00000142784
731,23039,XPO7,ENSG00000130227
732,23061,TBC1D9B,ENSG00000197226
733,23076,RRP1B,ENSG00000160208
734,23077,MYCBP2,ENSG00000005810
735,23097,CDK19,ENSG00000155111
736,23131,GPATCH8,ENSG00000186566
737,23139,MAST2,ENSG00000086015
738,23142,DCUN1D4,ENSG00000109184
739,23149,FCHO1,ENSG00000130475
740,23161,SNX13,ENSG00000071189
741,23200,ATP11B,ENSG00000058063
742,23210,JMJD6,ENSG00000070495
743,23212,RRS1,ENSG00000179041
744,23223,RRP12,ENSG00000052749
745,23224,SYNE2,ENSG00000054654
746,23244,PDS5A,ENSG00000121892
747,23271,CAMSAP2,ENSG00000118200
748,23300,ATMIN,ENSG00000166454
749,23321,TRIM2,ENSG00000109654
750,23325,WASHC4,ENSG00000136051
751,23326,USP22,ENSG00000124422
752,23335,WDR7,ENSG00000091157
753,23338,JADE2,ENSG00000043143
754,23365,ARHGEF12,ENSG00000196914
755,23368,PPP1R13B,ENSG00000088808
756,23378,RRP8,ENSG00000132275
757,23386,NUDCD3,ENSG00000015676
758,23410,SIRT3,ENSG00000142082
759,23443,SLC35A3,ENSG00000117620
760,23463,ICMT,ENSG00000116237
761,23499,MACF1,ENSG00000127603
762,23512,SUZ12,ENSG00000178691
763,23522,KAT6B,ENSG00000156650
764,23530,NNT,ENSG00000112992
765,23536,ADAT1,ENSG00000065457
766,23585,TMEM50A,ENSG00000183726
767,23588,KLHDC2,ENSG00000165516
768,23597,ACOT9,ENSG00000123130
769,23635,SSBP2,ENSG00000145687
770,23636,NUP62,ENSG00000213024
771,23647,ARFIP2,ENSG00000132254
772,23658,LSM5,ENSG00000106355
773,23659,PLA2G15,ENSG00000103066
774,23670,CEMIP2,ENSG00000135048
775,24149,ZNF318,ENSG00000171467
776,25793,FBXO7,ENSG00000100225
777,25803,SPDEF,ENSG00000124664
778,25805,BAMBI,ENSG00000095739
779,25825,BACE2,ENSG00000182240
780,25839,COG4,ENSG00000103051
781,25874,MPC2,ENSG00000143158
782,25932,CLIC4,ENSG00000169504
783,25966,C2CD2,ENSG00000157617
784,25976,TIPARP,ENSG00000163659
785,25987,TSKU,ENSG00000182704
786,26001,RNF167,ENSG00000108523
787,26020,LRP10,ENSG00000197324
788,26036,ZNF451,ENSG00000112200
789,26054,SENP6,ENSG00000112701
790,26064,RAI14,ENSG00000039560
791,26128,KIF1BP,ENSG00000198954
792,26136,TES,ENSG00000135269
793,26227,PHGDH,ENSG00000092621
794,26292,MYCBP,ENSG00000214114
795,26511,CHIC2,ENSG00000109220
796,26520,TIMM9,ENSG00000100575
797,26993,AKAP8L,ENSG00000011243
798,27032,ATP2C1,ENSG00000017260
799,27095,TRAPPC3,ENSG00000054116
800,27109,DMAC2L,ENSG00000125375
801,27242,TNFRSF21,ENSG00000146072
802,27244,SESN1,ENSG00000080546
803,27336,HTATSF1,ENSG00000102241
804,27346,TMEM97,ENSG00000109084
805,28969,BZW2,ENSG00000136261
806,29082,CHMP4A,ENSG00000254505
807,29083,GTPBP8,ENSG00000163607
808,29103,DNAJC15,ENSG00000120675
809,29763,PACSIN3,ENSG00000165912
810,29890,RBM15B,ENSG00000259956
811,29911,HOOK2,ENSG00000095066
812,29916,SNX11,ENSG00000002919
813,29928,TIMM22,ENSG00000177370
814,29937,NENF,ENSG00000117691
815,29978,UBQLN2,ENSG00000188021
816,30001,ERO1A,ENSG00000197930
817,30836,DNTTIP2,ENSG00000067334
818,30849,PIK3R4,ENSG00000196455
819,50810,HDGFL3,ENSG00000166503
820,50813,COPS7A,ENSG00000111652
821,50814,NSDHL,ENSG00000147383
822,50865,HEBP1,ENSG00000013583
823,51001,MTERF3,ENSG00000156469
824,51005,AMDHD2,ENSG00000162066
825,51015,ISOC1,ENSG00000066583
826,51021,MRPS16,ENSG00000182180
827,51024,FIS1,ENSG00000214253
828,51026,GOLT1B,ENSG00000111711
829,51031,GLOD4,ENSG00000167699
830,51053,GMNN,ENSG00000112312
831,51056,LAP3,ENSG00000002549
832,51070,NOSIP,ENSG00000142546
833,51071,DERA,ENSG00000023697
834,51097,SCCPDH,ENSG00000143653
835,51116,MRPS2,ENSG00000122140
836,51160,VPS28,ENSG00000160948
837,51170,HSD17B11,ENSG00000198189
838,51203,NUSAP1,ENSG00000137804
839,51282,SCAND1,ENSG00000171222
840,51293,CD320,ENSG00000167775
841,51335,NGRN,ENSG00000182768
842,51375,SNX7,ENSG00000162627
843,51382,ATP6V1D,ENSG00000100554
844,51385,ZNF589,ENSG00000164048
845,51422,PRKAG2,ENSG00000106617
846,51465,UBE2J1,ENSG00000198833
847,51466,EVL,ENSG00000196405
848,51495,HACD3,ENSG00000074696
849,51569,UFM1,ENSG00000120686
850,51599,LSR,ENSG00000105699
851,51635,DHRS7,ENSG00000100612
852,51719,CAB39,ENSG00000135932
853,51742,ARID4B,ENSG00000054267
854,53343,NUDT9,ENSG00000170502
855,54205,CYCS,ENSG00000172115
856,54386,TERF2IP,ENSG00000166848
857,54438,GFOD1,ENSG00000145990
858,54442,KCTD5,ENSG00000167977
859,54499,TMCO1,ENSG00000143183
860,54505,DHX29,ENSG00000067248
861,54512,EXOSC4,ENSG00000178896
862,54541,DDIT4,ENSG00000168209
863,54623,PAF1,ENSG00000006712
864,54681,P4HTM,ENSG00000178467
865,54733,SLC35F2,ENSG00000110660
866,54807,ZNF586,ENSG00000083828
867,54850,FBXL12,ENSG00000127452
868,54881,TEX10,ENSG00000136891
869,54915,YTHDF1,ENSG00000149658
870,54957,TXNL4B,ENSG00000140830
871,55008,HERC6,ENSG00000138642
872,55011,PIH1D1,ENSG00000104872
873,55012,PPP2R3C,ENSG00000092020
874,55033,FKBP14,ENSG00000106080
875,55038,CDCA4,ENSG00000170779
876,55111,PLEKHJ1,ENSG00000104886
877,55127,HEATR1,ENSG00000119285
878,55129,ANO10,ENSG00000160746
879,55148,UBR7,ENSG00000012963
880,55179,FAIM,ENSG00000158234
881,55256,ADI1,ENSG00000182551
882,55324,ABCF3,ENSG00000161204
883,55556,ENOSF1,ENSG00000132199
884,55604,CARMIL1,ENSG00000079691
885,55608,ANKRD10,ENSG00000088448
886,55620,STAP2,ENSG00000178078
887,55699,IARS2,ENSG00000067704
888,55746,NUP133,ENSG00000069248
889,55748,CNDP2,ENSG00000133313
890,55793,MINDY1,ENSG00000143409
891,55818,KDM3A,ENSG00000115548
892,55825,PECR,ENSG00000115425
893,55837,EAPP,ENSG00000129518
894,55847,CISD1,ENSG00000122873
895,55893,ZNF395,ENSG00000186918
896,55958,KLHL9,ENSG00000198642
897,56654,NPDC1,ENSG00000107281
898,56889,TM9SF3,ENSG00000077147
899,56924,PAK6,ENSG00000137843
900,56940,DUSP22,ENSG00000112679
901,56997,COQ8A,ENSG00000163050
902,57019,CIAPIN1,ENSG00000005194
903,57048,PLSCR3,ENSG00000187838
904,57147,SCYL3,ENSG00000000457
905,57149,LYRM1,ENSG00000102897
906,57178,ZMIZ1,ENSG00000108175
907,57192,MCOLN1,ENSG00000090674
908,57215,THAP11,ENSG00000168286
909,57406,ABHD6,ENSG00000163686
910,57761,TRIB3,ENSG00000101255
911,57804,POLD4,ENSG00000175482
912,58472,SQOR,ENSG00000137767
913,58478,ENOPH1,ENSG00000145293
914,58497,PRUNE1,ENSG00000143363
915,58533,SNX6,ENSG00000129515
916,60493,FASTKD5,ENSG00000215251
917,60528,ELAC2,ENSG00000006744
918,63874,ABHD4,ENSG00000100439
919,63933,MCUR1,ENSG00000050393
920,64080,RBKS,ENSG00000171174
921,64422,ATG3,ENSG00000144848
922,64428,CIAO3,ENSG00000103245
923,64429,ZDHHC6,ENSG00000023041
924,64746,ACBD3,ENSG00000182827
925,64781,CERK,ENSG00000100422
926,64943,NT5DC2,ENSG00000168268
927,65057,ACD,ENSG00000102977
928,65123,INTS3,ENSG00000143624
929,66008,TRAK2,ENSG00000115993
930,79006,METRN,ENSG00000103260
931,79071,ELOVL6,ENSG00000170522
932,79073,TMEM109,ENSG00000110108
933,79080,CCDC86,ENSG00000110104
934,79090,TRAPPC6A,ENSG00000007255
935,79094,CHAC1,ENSG00000128965
936,79143,MBOAT7,ENSG00000125505
937,79170,PRR15L,ENSG00000167183
938,79174,CRELD2,ENSG00000184164
939,79187,FSD1,ENSG00000105255
940,79600,TCTN1,ENSG00000204852
941,79643,CHMP6,ENSG00000176108
942,79716,NPEPL1,ENSG00000215440
943,79850,FAM57A,ENSG00000167695
944,79902,NUP85,ENSG00000125450
945,79921,TCEAL4,ENSG00000133142
946,79947,DHDDS,ENSG00000117682
947,79961,DENND2D,ENSG00000162777
948,80204,FBXO11,ENSG00000138081
949,80212,CCDC92,ENSG00000119242
950,80347,COASY,ENSG00000068120
951,80349,WDR61,ENSG00000140395
952,80746,TSEN2,ENSG00000154743
953,80758,PRR7,ENSG00000131188
954,81533,ITFG1,ENSG00000129636
955,81544,GDPD5,ENSG00000158555
956,83743,GRWD1,ENSG00000105447
957,84159,ARID5B,ENSG00000150347
958,84617,TUBB6,ENSG00000176014
959,84722,PSRC1,ENSG00000134222
960,84890,ADO,ENSG00000181915
961,85236,HIST1H2BK,ENSG00000197903
962,85377,MICALL1,ENSG00000100139
963,89910,UBE3B,ENSG00000151148
964,90861,JPT2,ENSG00000206053
965,91137,SLC25A46,ENSG00000164209
966,91949,COG7,ENSG00000168434
967,93487,MAPK1IP1L,ENSG00000168175
968,93594,TBC1D31,ENSG00000156787
969,94239,H2AFV,ENSG00000105968
970,116832,RPL39L,ENSG00000163923
971,124583,CANT1,ENSG00000171302
972,147179,WIPF2,ENSG00000171475
973,148022,TICAM1,ENSG00000127666
974,200081,TXLNA,ENSG00000084652
975,200734,SPRED2,ENSG00000198369
976,256364,EML3,ENSG00000149499
977,375346,STIMATE,ENSG00000213533
978,388650,DIPK1A,ENSG00000154511
