gene_symbol,ensembl_id,token_id
TSPAN6,ENSG00000000003,3
SCYL3,ENSG00000000457,6
BAD,ENSG00000002330,24
LAP3,ENSG00000002549,25
SNX11,ENSG00000002919,33
CASP10,ENSG00000003400,41
CFLAR,ENSG00000003402,42
FKBP4,ENSG00000004478,54
RBM6,ENSG00000004534,56
SLC25A13,ENSG00000004864,68
ST7,ENSG00000004866,69
CIAPIN1,ENSG00000005194,89
MYCBP2,ENSG00000005810,108
RALA,ENSG00000006451,137
ETV1,ENSG00000006468,140
TBXA2R,ENSG00000006638,150
PAF1,ENSG00000006712,155
ELAC2,ENSG00000006744,158
PAFAH1B1,ENSG00000007168,171
TRAPPC6A,ENSG00000007255,177
E2F2,ENSG00000007968,199
SYPL1,ENSG00000008282,212
CYB561,ENSG00000008283,213
UBE3C,ENSG00000009335,235
NCAPD2,ENSG00000010292,257
NISCH,ENSG00000010322,262
BTK,ENSG00000010671,271
FYN,ENSG00000010810,274
AKAP8L,ENSG00000011243,289
BRCA1,ENSG00000012048,312
UBR7,ENSG00000012963,325
MVP,ENSG00000013364,333
HEBP1,ENSG00000013583,343
MAMLD1,ENSG00000013619,345
CAPN1,ENSG00000014216,351
BID,ENSG00000015475,362
NUDCD3,ENSG00000015676,368
ATP2C1,ENSG00000017260,375
MNAT1,ENSG00000020426,403
ZDHHC6,ENSG00000023041,424
RNH1,ENSG00000023191,426
ALAS1,ENSG00000023330,430
DERA,ENSG00000023697,435
TOMM34,ENSG00000025772,452
FAS,ENSG00000026103,457
CD44,ENSG00000026508,459
PRKCH,ENSG00000027075,465
TBPL1,ENSG00000028839,476
GRN,ENSG00000030582,489
TIMP2,ENSG00000035862,527
RAI14,ENSG00000039560,563
PNKP,ENSG00000039650,565
JADE2,ENSG00000043143,598
EPHA3,ENSG00000044524,608
DSG2,ENSG00000046604,610
RFC2,ENSG00000049541,667
MCUR1,ENSG00000050393,680
MAPK9,ENSG00000050748,687
HERPUD1,ENSG00000051108,691
RRP12,ENSG00000052749,703
AKR7A2,ENSG00000053371,711
LAMA3,ENSG00000053747,717
TRAPPC3,ENSG00000054116,721
ARID4B,ENSG00000054267,726
SYNE2,ENSG00000054654,734
ATP11B,ENSG00000058063,783
TARBP1,ENSG00000059588,803
GNA15,ENSG00000060558,817
ACAA1,ENSG00000060971,826
SPAG4,ENSG00000061656,832
CDH3,ENSG00000062038,839
APPBP2,ENSG00000062725,850
GPC1,ENSG00000063660,867
LPAR2,ENSG00000064547,890
HMG20B,ENSG00000064961,907
TRAM2,ENSG00000065308,922
ERBB3,ENSG00000065361,927
ADAT1,ENSG00000065457,931
PDIA5,ENSG00000065485,932
SPEN,ENSG00000065526,935
MYLK,ENSG00000065534,936
PRKCQ,ENSG00000065675,946
MTHFD2,ENSG00000065911,953
PPP2R5A,ENSG00000066027,958
ELAVL1,ENSG00000066044,960
FGFR2,ENSG00000066468,979
ISOC1,ENSG00000066583,981
MTFR1,ENSG00000066855,991
PHKA1,ENSG00000067177,1003
DHX29,ENSG00000067248,1009
DNTTIP2,ENSG00000067334,1010
TP53BP1,ENSG00000067369,1012
RHOA,ENSG00000067560,1015
IARS2,ENSG00000067704,1020
COASY,ENSG00000068120,1036
NUP133,ENSG00000069248,1071
PIGB,ENSG00000069943,1089
GNB5,ENSG00000069966,1091
RAB27A,ENSG00000069974,1092
ELP1,ENSG00000070061,1099
NUCB2,ENSG00000070081,1100
JMJD6,ENSG00000070495,1117
POLB,ENSG00000070501,1118
ST6GALNAC2,ENSG00000070731,1127
CSNK2A2,ENSG00000070770,1132
CDC42,ENSG00000070831,1137
NCK2,ENSG00000071051,1144
MAP4K4,ENSG00000071054,1145
SNX13,ENSG00000071189,1149
PRKACA,ENSG00000072062,1175
EPN2,ENSG00000072134,1181
SMC1A,ENSG00000072501,1195
HSD17B10,ENSG00000072506,1196
P4HA2,ENSG00000072682,1201
NFATC3,ENSG00000072736,1203
STK10,ENSG00000072786,1206
SCARB1,ENSG00000073060,1219
KDM5A,ENSG00000073614,1235
PTGS2,ENSG00000073756,1242
IGF2BP2,ENSG00000073792,1243
GLI2,ENSG00000074047,1251
EED,ENSG00000074266,1258
HACD3,ENSG00000074696,1274
ICAM3,ENSG00000076662,1354
RAP1GAP,ENSG00000076864,1360
STXBP2,ENSG00000076944,1363
TM9SF3,ENSG00000077147,1371
NFKB2,ENSG00000077150,1372
IL4R,ENSG00000077238,1377
UBE2A,ENSG00000077721,1398
PIK3C3,ENSG00000078142,1415
EDN1,ENSG00000078401,1426
PCM1,ENSG00000078674,1435
MKNK1,ENSG00000079277,1458
FDFT1,ENSG00000079459,1469
PAFAH1B3,ENSG00000079462,1470
CARMIL1,ENSG00000079691,1475
PGM1,ENSG00000079739,1476
EPB41L2,ENSG00000079819,1479
KEAP1,ENSG00000079999,1484
RAB21,ENSG00000080371,1494
SESN1,ENSG00000080546,1498
CNOT4,ENSG00000080802,1507
MOK,ENSG00000080823,1511
CXCL2,ENSG00000081041,1522
MEF2C,ENSG00000081189,1532
PTPRC,ENSG00000081237,1533
ME2,ENSG00000082212,1563
ITGB5,ENSG00000082781,1580
KAT6A,ENSG00000083168,1590
ITGAE,ENSG00000083457,1597
OXCT1,ENSG00000083720,1604
ZNF586,ENSG00000083828,1612
RPS5,ENSG00000083845,1615
FAT1,ENSG00000083857,1616
PPIE,ENSG00000084072,1620
TXLNA,ENSG00000084652,1635
MAP3K4,ENSG00000085511,1662
CPNE3,ENSG00000085719,1668
CTTN,ENSG00000085733,1670
ORC1,ENSG00000085840,1676
CHERP,ENSG00000085872,1678
MAST2,ENSG00000086015,1683
ZW10,ENSG00000086827,1711
BAX,ENSG00000087088,1723
MMP2,ENSG00000087245,1733
GNAS,ENSG00000087460,1748
DNM1L,ENSG00000087470,1749
AURKA,ENSG00000087586,1754
GNA11,ENSG00000088256,1767
ANKRD10,ENSG00000088448,1778
PPP1R13B,ENSG00000088808,1788
MAPKAPK5,ENSG00000089022,1809
PXN,ENSG00000089159,1825
BIRC5,ENSG00000089685,1849
ICAM1,ENSG00000090339,1874
MCOLN1,ENSG00000090674,1896
DLD,ENSG00000091140,1920
WDR7,ENSG00000091157,1921
SPAG7,ENSG00000091640,1939
PSME1,ENSG00000092010,1952
PPP2R3C,ENSG00000092020,1953
PHGDH,ENSG00000092621,1981
CDC45,ENSG00000093009,1995
HDAC6,ENSG00000094631,2004
HOOK2,ENSG00000095066,2018
BAMBI,ENSG00000095739,2042
ABL1,ENSG00000097007,2073
CIRBP,ENSG00000099622,2105
GADD45B,ENSG00000099860,2127
CRKL,ENSG00000099942,2140
MICALL1,ENSG00000100139,2202
XBP1,ENSG00000100219,2224
FBXO7,ENSG00000100225,2227
HMOX1,ENSG00000100292,2250
CERK,ENSG00000100422,2307
ABHD4,ENSG00000100439,2313
POLE2,ENSG00000100479,2324
PYGL,ENSG00000100504,2329
CGRRF1,ENSG00000100532,2336
ATP6V1D,ENSG00000100554,2337
TIMM9,ENSG00000100575,2344
GSTZ1,ENSG00000100577,2345
SPTLC2,ENSG00000100596,2352
LGMN,ENSG00000100600,2354
DHRS7,ENSG00000100612,2359
HIF1A,ENSG00000100644,2366
EIF5,ENSG00000100664,2370
PCK2,ENSG00000100889,2402
NFKBIA,ENSG00000100906,2406
PSME2,ENSG00000100911,2408
NFATC4,ENSG00000100968,2416
CD40,ENSG00000101017,2428
MYBL2,ENSG00000101057,2433
RAE1,ENSG00000101146,2449
TPD52L2,ENSG00000101150,2450
TCFL5,ENSG00000101190,2463
CDC25B,ENSG00000101224,2478
TRIB3,ENSG00000101255,2484
MYL9,ENSG00000101335,2503
USP14,ENSG00000101557,2552
RNMT,ENSG00000101654,2562
PSMD10,ENSG00000101843,2577
PGRMC1,ENSG00000101856,2582
SUV39H1,ENSG00000101945,2598
PLP2,ENSG00000102007,2611
SLC25A14,ENSG00000102078,2626
HTATSF1,ENSG00000102241,2652
CORO1A,ENSG00000102879,2716
PHKB,ENSG00000102893,2721
LYRM1,ENSG00000102897,2722
NUP93,ENSG00000102900,2724
ACD,ENSG00000102977,2738
COG4,ENSG00000103051,2755
PLA2G15,ENSG00000103066,2759
AXIN1,ENSG00000103126,2765
CIAO3,ENSG00000103245,2787
METRN,ENSG00000103260,2793
STUB1,ENSG00000103266,2795
DNAJA3,ENSG00000103423,2817
STX4,ENSG00000103496,2829
CCP110,ENSG00000103540,2837
CSK,ENSG00000103653,2847
FAH,ENSG00000103876,2860
HOMER2,ENSG00000103942,2863
GABPB1,ENSG00000104064,2873
TJP1,ENSG00000104067,2874
DECR1,ENSG00000104325,2903
IKBKB,ENSG00000104365,2911
ASAH1,ENSG00000104763,2961
BNIP3L,ENSG00000104765,2962
MAN2B1,ENSG00000104774,2963
ECH1,ENSG00000104823,2971
NFKBIB,ENSG00000104825,2973
RELB,ENSG00000104856,2981
PIH1D1,ENSG00000104872,2986
PLEKHJ1,ENSG00000104886,2993
AKAP8,ENSG00000105127,3036
POP4,ENSG00000105171,3044
FSD1,ENSG00000105255,3066
POLR2I,ENSG00000105258,3067
ETFB,ENSG00000105379,3095
GRWD1,ENSG00000105447,3113
LIG1,ENSG00000105486,3119
LSR,ENSG00000105699,3175
CDK6,ENSG00000105810,3198
DNAJB6,ENSG00000105993,3237
HOXA5,ENSG00000106004,3241
GRB10,ENSG00000106070,3256
FKBP14,ENSG00000106080,3259
STX1A,ENSG00000106089,3261
CASP2,ENSG00000106144,3269
HSPB1,ENSG00000106211,3272
LSM5,ENSG00000106355,3299
SERPINE1,ENSG00000106366,3300
PLOD3,ENSG00000106397,3304
RPA3,ENSG00000106399,3305
EZH2,ENSG00000106462,3314
MEST,ENSG00000106484,3318
BLVRA,ENSG00000106605,3335
RHEB,ENSG00000106615,3339
PRKAG2,ENSG00000106617,3340
BCL7B,ENSG00000106635,3345
YKT6,ENSG00000106636,3346
C5,ENSG00000106804,3367
DNM1,ENSG00000106976,3378
TESK1,ENSG00000107140,3392
NPDC1,ENSG00000107281,3407
SHB,ENSG00000107338,3413
PDLIM1,ENSG00000107438,3419
GATA3,ENSG00000107485,3422
RAB11FIP2,ENSG00000107560,3428
LIPA,ENSG00000107798,3452
XPNPEP1,ENSG00000108039,3487
SMC3,ENSG00000108055,3488
ZMIZ1,ENSG00000108175,3496
CASC3,ENSG00000108349,3514
RAD51C,ENSG00000108384,3520
RNF167,ENSG00000108523,3547
NUP88,ENSG00000108559,3552
BLMH,ENSG00000108578,3555
SMARCD2,ENSG00000108604,3564
CYTH1,ENSG00000108669,3571
CCL2,ENSG00000108691,3576
COL1A1,ENSG00000108821,3593
VAT1,ENSG00000108828,3597
DUSP3,ENSG00000108861,3607
TMEM97,ENSG00000109084,3632
ALDOC,ENSG00000109107,3637
DCUN1D4,ENSG00000109184,3649
CHIC2,ENSG00000109220,3654
INPP4B,ENSG00000109452,3669
WFS1,ENSG00000109501,3675
TRIM2,ENSG00000109654,3687
MFSD10,ENSG00000109736,3697
UGDH,ENSG00000109814,3709
HSPA8,ENSG00000109971,3727
CCND1,ENSG00000110092,3749
CCDC86,ENSG00000110104,3750
TMEM109,ENSG00000110108,3752
BIRC2,ENSG00000110330,3771
PDHX,ENSG00000110435,3780
SLC35F2,ENSG00000110660,3795
PSMD9,ENSG00000110801,3814
SLC11A2,ENSG00000110911,3829
MLEC,ENSG00000110917,3830
CDKN1B,ENSG00000111276,3877
RFC5,ENSG00000111445,3900
TIMELESS,ENSG00000111602,3912
GAPDH,ENSG00000111640,3916
COPS7A,ENSG00000111652,3921
PTPN6,ENSG00000111679,3933
GOLT1B,ENSG00000111711,3940
C2CD5,ENSG00000111731,3948
PPARD,ENSG00000112033,3992
MCM3,ENSG00000112118,4005
ZNF451,ENSG00000112200,4020
ASCC3,ENSG00000112249,4033
GMNN,ENSG00000112312,4049
CCND3,ENSG00000112576,4081
TBP,ENSG00000112592,4084
DUSP22,ENSG00000112679,4094
SENP6,ENSG00000112701,4099
TENT4A,ENSG00000112941,4124
GHR,ENSG00000112964,4125
HMGCS1,ENSG00000112972,4126
KIF20A,ENSG00000112984,4130
NNT,ENSG00000112992,4131
HMGCR,ENSG00000113161,4145
GNPDA1,ENSG00000113552,4195
SKP1,ENSG00000113558,4197
NR3C1,ENSG00000113580,4201
TCERG1,ENSG00000113649,4214
CSNK1A1,ENSG00000113712,4217
SMC4,ENSG00000113810,4232
PCCB,ENSG00000114054,4251
HES1,ENSG00000114315,4272
GNAI2,ENSG00000114353,4277
NPRL2,ENSG00000114388,4282
CBLB,ENSG00000114423,4287
MAPKAPK3,ENSG00000114738,4317
ABCC5,ENSG00000114770,4324
EIF4G1,ENSG00000114867,4340
MRPL19,ENSG00000115364,4417
STAT1,ENSG00000115415,4424
PECR,ENSG00000115425,4428
TXNDC9,ENSG00000115514,4441
ST3GAL5,ENSG00000115525,4445
KDM3A,ENSG00000115548,4450
FHL2,ENSG00000115641,4464
ABCB6,ENSG00000115657,4468
STK25,ENSG00000115694,4474
ID2,ENSG00000115738,4477
CEBPZ,ENSG00000115816,4486
SLC1A4,ENSG00000115902,4499
TRAK2,ENSG00000115993,4513
NFE2L2,ENSG00000116044,4525
MSH6,ENSG00000116062,4526
SPR,ENSG00000116096,4528
SCP2,ENSG00000116171,4542
FAM20B,ENSG00000116199,4548
ICMT,ENSG00000116237,4555
ARHGEF2,ENSG00000116584,4584
PLA2G4A,ENSG00000116711,4606
GADD45A,ENSG00000116717,4607
RGS2,ENSG00000116741,4612
CRYZ,ENSG00000116791,4625
CD58,ENSG00000116815,4628
LGALS8,ENSG00000116977,4647
SDHB,ENSG00000117118,4668
KDM5B,ENSG00000117139,4671
GALE,ENSG00000117308,4692
EBNA1BP2,ENSG00000117395,4700
CDC20,ENSG00000117399,4701
IPO13,ENSG00000117408,4704
ATP6V0B,ENSG00000117410,4705
PIK3R3,ENSG00000117461,4711
SLC35A3,ENSG00000117620,4742
STMN1,ENSG00000117632,4744
RPS6KA1,ENSG00000117676,4748
DHDDS,ENSG00000117682,4749
NENF,ENSG00000117691,4750
RPA2,ENSG00000117748,4755
CTSD,ENSG00000117984,4768
KIF14,ENSG00000118193,4782
CAMSAP2,ENSG00000118200,4785
ATF6,ENSG00000118217,4786
CREB1,ENSG00000118260,4792
RXYLT1,ENSG00000118600,4831
FOXO3,ENSG00000118689,4836
SPP1,ENSG00000118785,4845
ITGB1BP1,ENSG00000119185,4877
CCDC92,ENSG00000119242,4881
HEATR1,ENSG00000119285,4884
CTNNAL1,ENSG00000119326,4888
TGFB3,ENSG00000119699,4944
DNMT3A,ENSG00000119772,4959
IDE,ENSG00000119912,4976
SMNDC1,ENSG00000119953,4988
PCMT1,ENSG00000120265,5029
ACAT2,ENSG00000120437,5049
DNAJC15,ENSG00000120675,5076
UFM1,ENSG00000120686,5078
EGR1,ENSG00000120738,5093
PLS1,ENSG00000120756,5095
SOCS2,ENSG00000120833,5103
DUSP4,ENSG00000120875,5107
SORBS3,ENSG00000120896,5110
PTK2B,ENSG00000120899,5111
LYPLA1,ENSG00000120992,5124
TBX2,ENSG00000121068,5134
SLC35B1,ENSG00000121073,5135
CAT,ENSG00000121691,5186
ZMYM2,ENSG00000121741,5188
PIK3CA,ENSG00000121879,5205
PDS5A,ENSG00000121892,5206
CXCR4,ENSG00000121966,5219
MRPS2,ENSG00000122140,5238
CISD1,ENSG00000122873,5321
ECD,ENSG00000122882,5323
ACOT9,ENSG00000123130,5345
ADGRE5,ENSG00000123146,5350
ATF1,ENSG00000123268,5364
CDK2,ENSG00000123374,5376
LPGAT1,ENSG00000123684,5416
NCOA3,ENSG00000124151,5461
VAPB,ENSG00000124164,5466
STAMBP,ENSG00000124356,5511
USP22,ENSG00000124422,5520
SPDEF,ENSG00000124664,5564
CDKN1A,ENSG00000124762,5575
SOX4,ENSG00000124766,5576
TM9SF2,ENSG00000125304,5626
DMAC2L,ENSG00000125375,5636
BMP4,ENSG00000125378,5637
NUP85,ENSG00000125450,5650
MBOAT7,ENSG00000125505,5662
IL1B,ENSG00000125538,5671
PAX8,ENSG00000125618,5675
RTN2,ENSG00000125744,5702
PSMF1,ENSG00000125818,5721
BECN1,ENSG00000126581,5834
TRAP1,ENSG00000126602,5836
TIMM17B,ENSG00000126768,5849
KTN1,ENSG00000126777,5852
PIN1,ENSG00000127445,5917
FBXL12,ENSG00000127452,5918
SYNGR3,ENSG00000127561,5934
MACF1,ENSG00000127603,5942
SMARCA4,ENSG00000127616,5943
TICAM1,ENSG00000127666,5945
PTPN12,ENSG00000127947,5964
GNAI1,ENSG00000127955,5969
ZFP36,ENSG00000128016,5978
PAICS,ENSG00000128050,5982
RAC2,ENSG00000128340,6015
CALU,ENSG00000128595,6043
CHN1,ENSG00000128656,6058
HAT1,ENSG00000128708,6063
CHAC1,ENSG00000128965,6089
ARPP19,ENSG00000128989,6091
LOXL1,ENSG00000129038,6096
DCTD,ENSG00000129187,6112
PARP2,ENSG00000129484,6147
SNX6,ENSG00000129515,6150
EAPP,ENSG00000129518,6151
REEP5,ENSG00000129625,6161
ITFG1,ENSG00000129636,6162
APOE,ENSG00000130203,6224
XPO7,ENSG00000130227,6230
FCHO1,ENSG00000130475,6269
PAK4,ENSG00000130669,6305
DNMT1,ENSG00000130816,6348
PRR7,ENSG00000131188,6416
SH3BP5,ENSG00000131370,6430
NR1H2,ENSG00000131408,6442
ACLY,ENSG00000131473,6453
IL13RA1,ENSG00000131724,6481
TOP2A,ENSG00000131747,6488
DNAJB1,ENSG00000132002,6525
LRRC41,ENSG00000132128,6537
PPARG,ENSG00000132170,6542
ENOSF1,ENSG00000132199,6546
ARFIP2,ENSG00000132254,6550
RRP8,ENSG00000132275,6554
RPA1,ENSG00000132383,6574
SNAP25,ENSG00000132639,6625
PCNA,ENSG00000132646,6627
KHDC4,ENSG00000132680,6635
IGHMBP2,ENSG00000132740,6647
DPH2,ENSG00000132768,6652
WASF3,ENSG00000132970,6690
PIK3C2B,ENSG00000133056,6701
CCNA1,ENSG00000133101,6708
TCEAL4,ENSG00000133142,6728
EPHB2,ENSG00000133216,6732
CNDP2,ENSG00000133313,6742
CCNB1,ENSG00000134057,6825
CDK7,ENSG00000134058,6826
BHLHE40,ENSG00000134107,6832
EDEM1,ENSG00000134109,6834
VAV3,ENSG00000134215,6851
PSRC1,ENSG00000134222,6853
CCNH,ENSG00000134480,6908
DDB2,ENSG00000134574,6924
ETS1,ENSG00000134954,6985
CTSL,ENSG00000135047,6998
CEMIP2,ENSG00000135048,6999
FBXO21,ENSG00000135108,7013
DMTF1,ENSG00000135164,7022
TES,ENSG00000135269,7037
CDK4,ENSG00000135446,7080
PAN2,ENSG00000135473,7088
MAP7,ENSG00000135525,7100
KCNK1,ENSG00000135750,7141
COG2,ENSG00000135775,7145
DNAJB2,ENSG00000135924,7173
CAB39,ENSG00000135932,7179
PWP1,ENSG00000136045,7202
WASHC4,ENSG00000136051,7204
SCRN1,ENSG00000136193,7233
KDELR2,ENSG00000136240,7242
BZW2,ENSG00000136261,7247
NMT1,ENSG00000136448,7274
YME1L1,ENSG00000136758,7328
TOR1A,ENSG00000136827,7340
STXBP1,ENSG00000136854,7348
TLR4,ENSG00000136869,7355
PRPF4,ENSG00000136875,7359
FPGS,ENSG00000136877,7360
TEX10,ENSG00000136891,7365
MYC,ENSG00000136997,7390
RPS6,ENSG00000137154,7417
CNPY3,ENSG00000137161,7418
TFAP2A,ENSG00000137203,7427
BPHL,ENSG00000137274,7444
IER3,ENSG00000137331,7451
PRCP,ENSG00000137509,7484
SLC37A4,ENSG00000137700,7509
MAP2K5,ENSG00000137764,7524
SQOR,ENSG00000137767,7526
NUSAP1,ENSG00000137804,7531
PAK6,ENSG00000137843,7549
ADAM10,ENSG00000137845,7550
SLC5A6,ENSG00000138074,7595
FBXO11,ENSG00000138081,7600
ANXA7,ENSG00000138279,7633
HERC6,ENSG00000138642,7695
CENPE,ENSG00000138778,7734
HADH,ENSG00000138796,7740
EGF,ENSG00000138798,7741
DUSP6,ENSG00000139318,7803
RB1,ENSG00000139687,7863
MBNL2,ENSG00000139793,7876
GTF2A2,ENSG00000140307,7937
TSPAN3,ENSG00000140391,7951
TPM1,ENSG00000140416,7958
IGF1R,ENSG00000140443,7959
IQGAP1,ENSG00000140575,7993
PMM2,ENSG00000140650,8000
TXNL4B,ENSG00000140830,8016
NOL3,ENSG00000140939,8031
MBTPS1,ENSG00000140943,8033
CLTC,ENSG00000141367,8086
NPC1,ENSG00000141458,8111
TP53,ENSG00000141510,8121
PMAIP1,ENSG00000141682,8155
ERBB2,ENSG00000141736,8159
GRB7,ENSG00000141738,8160
PFKL,ENSG00000141959,8178
SIRT3,ENSG00000142082,8191
IFNAR1,ENSG00000142166,8197
APP,ENSG00000142192,8205
AKT1,ENSG00000142208,8208
NOSIP,ENSG00000142546,8244
WDTC1,ENSG00000142784,8278
KIF2C,ENSG00000142945,8291
PTPRF,ENSG00000142949,8292
MTF2,ENSG00000143033,8301
ATP1B1,ENSG00000143153,8317
MPC2,ENSG00000143158,8321
CREG1,ENSG00000143162,8322
TMCO1,ENSG00000143183,8328
PPOX,ENSG00000143224,8340
PRUNE1,ENSG00000143363,8367
RFX5,ENSG00000143390,8380
MINDY1,ENSG00000143409,8384
DYRK3,ENSG00000143479,8402
TP53BP2,ENSG00000143514,8411
SLC27A3,ENSG00000143554,8422
INTS3,ENSG00000143624,8435
SCCPDH,ENSG00000143653,8443
NVL,ENSG00000143748,8450
PARP1,ENSG00000143799,8463
LBR,ENSG00000143815,8466
DUSP11,ENSG00000144048,8511
RALB,ENSG00000144118,8516
HSPD1,ENSG00000144381,8552
VGLL4,ENSG00000144560,8575
ATG3,ENSG00000144848,8627
TCTA,ENSG00000145022,8645
ENOPH1,ENSG00000145293,8675
SNCA,ENSG00000145335,8680
CCNA2,ENSG00000145386,8690
MYO10,ENSG00000145555,8710
SSBP2,ENSG00000145687,8722
RASA1,ENSG00000145715,8727
TNIP1,ENSG00000145901,8762
G3BP1,ENSG00000145907,8763
GFOD1,ENSG00000145990,8777
TNFRSF21,ENSG00000146072,8794
NFKBIE,ENSG00000146232,8813
EGFR,ENSG00000146648,8862
IGFBP3,ENSG00000146674,8865
TLK2,ENSG00000146872,8892
CASK,ENSG00000147044,8908
EBP,ENSG00000147155,8930
NSDHL,ENSG00000147383,8957
POLR2K,ENSG00000147669,9004
CDKN2A,ENSG00000147889,9029
NOTCH1,ENSG00000148400,9087
USP6NL,ENSG00000148429,9091
RSU1,ENSG00000148484,9099
PAK1,ENSG00000149269,9183
HYOU1,ENSG00000149428,9200
EML3,ENSG00000149499,9212
CHEK1,ENSG00000149554,9224
YTHDF1,ENSG00000149658,9247
PLCB3,ENSG00000149782,9255
ALDOA,ENSG00000149925,9263
HMGA2,ENSG00000149948,9269
ARID5B,ENSG00000150347,9288
PRSS23,ENSG00000150687,9318
UBE3B,ENSG00000151148,9364
INPP1,ENSG00000151689,9435
SLC25A4,ENSG00000151729,9446
BAG3,ENSG00000151929,9471
RPP38,ENSG00000152464,9537
MBNL1,ENSG00000152601,9557
PTPRK,ENSG00000152894,9584
CAST,ENSG00000153113,9617
CETN3,ENSG00000153140,9620
RPIA,ENSG00000153574,9665
HS2ST1,ENSG00000153936,9695
PPP2R5E,ENSG00000154001,9703
TOMM70,ENSG00000154174,9729
DIPK1A,ENSG00000154511,9769
TSEN2,ENSG00000154743,9796
CDK19,ENSG00000155111,9840
OXA1L,ENSG00000155463,9867
FZD7,ENSG00000155760,9893
RRAGA,ENSG00000155876,9905
DCK,ENSG00000156136,9940
TIAM1,ENSG00000156299,9964
MTERF3,ENSG00000156469,9981
SUPV3L1,ENSG00000156502,9987
HK1,ENSG00000156515,9992
UBE2L6,ENSG00000156587,9999
KAT6B,ENSG00000156650,10004
UTP14A,ENSG00000156697,10009
MAPK13,ENSG00000156711,10011
TBC1D31,ENSG00000156787,10015
PHKG2,ENSG00000156873,10024
BUB1B,ENSG00000156970,10037
TATDN2,ENSG00000157014,10043
FZD1,ENSG00000157240,10075
KIT,ENSG00000157404,10092
CCNB2,ENSG00000157456,10098
TSC22D3,ENSG00000157514,10104
C2CD2,ENSG00000157617,10117
NCK1,ENSG00000158092,10171
FAIM,ENSG00000158234,10188
GDPD5,ENSG00000158555,10232
NIT1,ENSG00000158793,10258
CSRP1,ENSG00000159176,10300
CBR1,ENSG00000159228,10316
CBR3,ENSG00000159231,10317
PSMD4,ENSG00000159352,10336
EFCAB14,ENSG00000159658,10369
CALM3,ENSG00000160014,10404
DFFA,ENSG00000160049,10405
NR2F6,ENSG00000160113,10417
RRP1B,ENSG00000160208,10440
RALGDS,ENSG00000160271,10456
SLC2A6,ENSG00000160326,10471
SHC1,ENSG00000160691,10510
ANO10,ENSG00000160746,10518
FGFR4,ENSG00000160867,10538
CPSF4,ENSG00000160917,10547
VPS28,ENSG00000160948,10549
SQSTM1,ENSG00000161011,10564
ABCF3,ENSG00000161204,10583
BDH1,ENSG00000161267,10588
CCNF,ENSG00000162063,10668
AMDHD2,ENSG00000162066,10670
KLHL21,ENSG00000162413,10720
USP1,ENSG00000162607,10766
SNX7,ENSG00000162627,10775
AGL,ENSG00000162688,10792
DENND2D,ENSG00000162777,10825
MAPKAPK2,ENSG00000162889,10849
COQ8A,ENSG00000163050,10896
SGCB,ENSG00000163069,10900
VPS72,ENSG00000163159,10927
TGFBR2,ENSG00000163513,11022
GTPBP8,ENSG00000163607,11059
TIPARP,ENSG00000163659,11083
ABHD6,ENSG00000163686,11092
APBB2,ENSG00000163697,11096
TOPBP1,ENSG00000163781,11119
RPN1,ENSG00000163902,11162
RPL39L,ENSG00000163923,11169
PRKCD,ENSG00000163932,11172
LRPAP1,ENSG00000163956,11181
CDC25A,ENSG00000164045,11206
ZNF589,ENSG00000164048,11208
LSM6,ENSG00000164167,11265
SLC25A46,ENSG00000164209,11281
CASP3,ENSG00000164305,11309
TERT,ENSG00000164362,11329
SLC35A1,ENSG00000164414,11344
GPER1,ENSG00000164850,11450
NOS3,ENSG00000164867,11453
ALDH7A1,ENSG00000164904,11466
WASHC5,ENSG00000164961,11484
PSIP1,ENSG00000164985,11492
SYK,ENSG00000165025,11496
NFIL3,ENSG00000165030,11499
DYNLT3,ENSG00000165169,11531
MELK,ENSG00000165304,11565
KLHDC2,ENSG00000165516,11611
HPRT1,ENSG00000165704,11661
CASP7,ENSG00000165806,11682
PACSIN3,ENSG00000165912,11705
HTRA1,ENSG00000166033,11737
CEP57,ENSG00000166037,11739
NOLC1,ENSG00000166197,11782
FRS2,ENSG00000166225,11789
PCBD1,ENSG00000166228,11791
ILK,ENSG00000166333,11816
ATMIN,ENSG00000166454,11856
HDGFL3,ENSG00000166503,11868
BLCAP,ENSG00000166619,11897
PEX11A,ENSG00000166821,11935
TERF2IP,ENSG00000166848,11946
PLK1,ENSG00000166851,11947
CLPX,ENSG00000166855,11948
SMAD3,ENSG00000166949,11982
PRR15L,ENSG00000167183,12034
CRK,ENSG00000167193,12037
GLOD4,ENSG00000167699,12159
CD320,ENSG00000167775,12189
KCTD5,ENSG00000167977,12235
RAB4A,ENSG00000168118,12278
MAPK1IP1L,ENSG00000168175,12293
DDIT4,ENSG00000168209,12294
NT5DC2,ENSG00000168268,12309
KIF5C,ENSG00000168280,12313
THAP11,ENSG00000168286,12316
COG7,ENSG00000168434,12351
RAB31,ENSG00000168461,12357
STAT3,ENSG00000168610,12390
PKIG,ENSG00000168734,12413
MAT2A,ENSG00000168906,12457
PPIC,ENSG00000168938,12468
ATF5,ENSG00000169136,12515
ADRB2,ENSG00000169252,12551
PTK2,ENSG00000169398,12579
CLIC4,ENSG00000169504,12600
DFFB,ENSG00000169598,12618
RFNG,ENSG00000169733,12650
CRTAP,ENSG00000170275,12769
CDK1,ENSG00000170312,12779
FOS,ENSG00000170345,12786
TMED10,ENSG00000170348,12787
NUDT9,ENSG00000170502,12832
ELOVL6,ENSG00000170522,12836
HSPA4,ENSG00000170606,12853
CDCA4,ENSG00000170779,12883
FEZ2,ENSG00000171055,12955
RBKS,ENSG00000171174,12987
SCAND1,ENSG00000171222,13000
GAA,ENSG00000171298,13012
CANT1,ENSG00000171302,13013
PGAM1,ENSG00000171314,13018
POLR1C,ENSG00000171453,13047
ZNF318,ENSG00000171467,13052
WIPF2,ENSG00000171475,13054
CLSTN1,ENSG00000171603,13090
ZNF274,ENSG00000171606,13092
TCEA2,ENSG00000171703,13110
BCL2,ENSG00000171791,13129
CYCS,ENSG00000172115,13210
MALT1,ENSG00000172175,13226
ZNF131,ENSG00000172262,13247
C2CD2L,ENSG00000172375,13282
ARNT2,ENSG00000172379,13284
RAD9A,ENSG00000172613,13334
OXSR1,ENSG00000172939,13401
GLRX,ENSG00000173221,13457
TRIB1,ENSG00000173334,13482
DAG1,ENSG00000173402,13494
SMARCC1,ENSG00000173473,13511
STAT5B,ENSG00000173757,13566
NET1,ENSG00000173848,13582
B4GAT1,ENSG00000174684,13726
FUT1,ENSG00000174951,13780
UBE2C,ENSG00000175063,13798
PSMD2,ENSG00000175166,13820
ARHGAP1,ENSG00000175220,13835
CCNE2,ENSG00000175305,13849
CLTB,ENSG00000175416,13872
POLD4,ENSG00000175482,13881
DRAP1,ENSG00000175550,13896
FOSL1,ENSG00000175592,13905
CCDC85B,ENSG00000175602,13908
RUVBL1,ENSG00000175792,13944
SFN,ENSG00000175793,13945
MSRA,ENSG00000175806,13947
TUBB6,ENSG00000176014,13977
CHMP6,ENSG00000176108,13998
BNIP3,ENSG00000176171,14011
CDK5R1,ENSG00000176749,14126
PXMP2,ENSG00000176894,14157
TIMM22,ENSG00000177370,14265
JUN,ENSG00000177606,14319
STAP2,ENSG00000178078,14409
DDX10,ENSG00000178105,14416
P4HTM,ENSG00000178467,14482
SUZ12,ENSG00000178691,14514
EXOSC4,ENSG00000178896,14551
AURKB,ENSG00000178999,14576
RRS1,ENSG00000179041,14586
GATA2,ENSG00000179348,14651
PUF60,ENSG00000179950,14759
NRIP1,ENSG00000180530,14865
SOX2,ENSG00000181449,15032
ADO,ENSG00000181915,15112
MRPS16,ENSG00000182180,15171
EXT1,ENSG00000182197,15177
BACE2,ENSG00000182240,15184
ADI1,ENSG00000182551,15254
SATB1,ENSG00000182568,15259
TSKU,ENSG00000182704,15291
NGRN,ENSG00000182768,15302
ACBD3,ENSG00000182827,15318
MTA1,ENSG00000182979,15356
PYCR1,ENSG00000183010,15361
PSMG1,ENSG00000183527,15486
TMEM50A,ENSG00000183726,15546
CHEK2,ENSG00000183765,15558
PRKX,ENSG00000183943,15604
NIPSNAP1,ENSG00000184117,15638
CRELD2,ENSG00000184164,15649
COPB2,ENSG00000184432,15715
FOXO4,ENSG00000184481,15727
PROS1,ENSG00000184500,15732
MUC1,ENSG00000185499,15975
IKZF1,ENSG00000185811,16052
INSIG1,ENSG00000186480,16238
GPATCH8,ENSG00000186566,16257
ZNF395,ENSG00000186918,16335
CHP1,ENSG00000187446,16429
COL4A1,ENSG00000187498,16438
USP7,ENSG00000187555,16457
PLSCR3,ENSG00000187838,16536
EIF4EBP1,ENSG00000187840,16537
UBQLN2,ENSG00000188021,16586
ARL4C,ENSG00000188042,16594
PLSCR1,ENSG00000188313,16654
RBM34,ENSG00000188739,16766
S100A13,ENSG00000189171,16883
S100A4,ENSG00000196154,16980
PTPN1,ENSG00000196396,17069
EVL,ENSG00000196405,17071
PIK3R4,ENSG00000196455,17092
HDAC2,ENSG00000196591,17140
MMP1,ENSG00000196611,17146
TLE1,ENSG00000196781,17196
ARHGEF12,ENSG00000196914,17231
LAGE3,ENSG00000196976,17252
IGF2R,ENSG00000197081,17284
SRC,ENSG00000197122,17298
TBC1D9B,ENSG00000197226,17333
GTF2E2,ENSG00000197265,17345
LRP10,ENSG00000197324,17363
PDGFA,ENSG00000197461,17405
SPTAN1,ENSG00000197694,17479
ADH5,ENSG00000197894,17545
ERO1A,ENSG00000197930,17555
MPZL1,ENSG00000197965,17569
TFDP1,ENSG00000198176,17645
HSD17B11,ENSG00000198189,17650
DDX42,ENSG00000198231,17662
SPRED2,ENSG00000198369,17696
GFPT1,ENSG00000198380,17698
TXNRD1,ENSG00000198431,17712
CTNND1,ENSG00000198561,17753
KLHL9,ENSG00000198642,17776
PNP,ENSG00000198805,17854
FOXJ3,ENSG00000198815,17858
UBE2J1,ENSG00000198833,17869
KIAA0753,ENSG00000198920,17923
DAXX,ENSG00000204209,19755
HLA-DMA,ENSG00000204257,19770
PSMB8,ENSG00000204264,19773
HLA-DRA,ENSG00000204287,19781
HSPA1A,ENSG00000204389,19821
ABCF1,ENSG00000204574,19897
DDR1,ENSG00000204580,19900
TCTN1,ENSG00000204852,20000
TRIM13,ENSG00000204977,20049
PSMB10,ENSG00000205220,20107
ADGRG1,ENSG00000205336,20138
RNPS1,ENSG00000205937,20293
JPT2,ENSG00000206053,20313
SACM1L,ENSG00000211456,21436
NUP62,ENSG00000213024,22083
MLLT11,ENSG00000213190,22187
NRAS,ENSG00000213281,22236
GSTM2,ENSG00000213366,22278
STIMATE,ENSG00000213533,22364
VDAC1,ENSG00000213585,22388
CSNK1E,ENSG00000213923,22557
TSPAN4,ENSG00000214063,22630
MYCBP,ENSG00000214114,22653
FIS1,ENSG00000214253,22702
IFRD2,ENSG00000214706,22859
FASTKD5,ENSG00000215251,23062
NPEPL1,ENSG00000215440,23125
CEBPD,ENSG00000221869,24056
PLEKHM1,ENSG00000225190,25831
MIF,ENSG00000240972,35684
PRAF2,ENSG00000243279,36620
CEBPA,ENSG00000245848,37319
TWF2,ENSG00000247596,37446
HOXA10,ENSG00000253293,40933
LYN,ENSG00000254087,41612
CHMP4A,ENSG00000254505,41942
POLG2,ENSG00000256525,43257
RBM15B,ENSG00000259956,45452
MRPL12,ENSG00000262814,47031
IKBKE,ENSG00000263528,47235
DUSP14,ENSG00000276023,53472
PIP4K2B,ENSG00000276293,53604
